transactionId,accountIdFrom,accountId,amount,type,timestamp
TRX-000001,27,10,214.94,0,2025-10-02T12:00:00Z
TRX-000002,15,14,1838.0,1,2025-10-02T12:01:00Z
TRX-000003,11,2,849.0,0,2025-10-02T12:02:00Z
TRX-000004,28,2,4477.0,1,2025-10-02T12:03:00Z
TRX-000005,9,25,3466.0,0,2025-10-02T12:04:00Z
TRX-000006,8,7,777.0,1,2025-10-02T12:05:00Z
TRX-000007,13,14,4149.0,0,2025-10-02T12:06:00Z
TRX-000008,26,7,4607.0,1,2025-10-02T12:07:00Z
TRX-000009,13,29,4474.0,0,2025-10-02T12:08:00Z
TRX-000010,20,14,3689.0,1,2025-10-02T12:09:00Z
TRX-000011,25,15,63.97,0,2025-10-02T12:10:00Z
TRX-000012,6,12,3472.0,1,2025-10-02T12:11:00Z
TRX-000013,17,15,1283.0,0,2025-10-02T12:12:00Z
TRX-000014,13,5,2767.0,1,2025-10-02T12:13:00Z
TRX-000015,10,9,3122.0,0,2025-10-02T12:14:00Z
TRX-000016,10,18,2827.0,1,2025-10-02T12:15:00Z
TRX-000017,26,15,365.0,0,2025-10-02T12:16:00Z
TRX-000018,2,21,4402.15,1,2025-10-02T12:17:00Z
TRX-000019,19,9,4532.0,0,2025-10-02T12:18:00Z
TRX-000020,16,3,2972.0,1,2025-10-02T12:19:00Z
TRX-000021,25,13,579.05,0,2025-10-02T12:20:00Z
TRX-000022,28,14,2380.0,1,2025-10-02T12:21:00Z
TRX-000023,9,4,1917.0,0,2025-10-02T12:22:00Z
TRX-000024,4,10,3123.0,1,2025-10-02T12:23:00Z
TRX-000025,15,21,2998.0,0,2025-10-02T12:24:00Z
TRX-000026,12,18,2920.0,1,2025-10-02T12:25:00Z
TRX-000027,13,28,2197.0,0,2025-10-02T12:26:00Z
TRX-000028,29,28,594.0,1,2025-10-02T12:27:00Z
TRX-000029,26,27,1411.0,0,2025-10-02T12:28:00Z
TRX-000030,24,2,2015.0,1,2025-10-02T12:29:00Z
TRX-000031,12,21,3118.34,0,2025-10-02T12:30:00Z
TRX-000032,27,29,4572.0,1,2025-10-02T12:31:00Z
TRX-000033,14,28,2666.0,0,2025-10-02T12:32:00Z
TRX-000034,3,5,468.0,1,2025-10-02T12:33:00Z
TRX-000035,14,3,272.4,0,2025-10-02T12:34:00Z
TRX-000036,19,15,552.0,1,2025-10-02T12:35:00Z
TRX-000037,13,25,2587.0,0,2025-10-02T12:36:00Z
TRX-000038,13,27,4099.0,1,2025-10-02T12:37:00Z
TRX-000039,19,1,3768.0,0,2025-10-02T12:38:00Z
TRX-000040,11,15,1153.0,1,2025-10-02T12:39:00Z
TRX-000041,14,2,4608.68,0,2025-10-02T12:40:00Z
TRX-000042,15,2,4798.0,1,2025-10-02T12:41:00Z
TRX-000043,20,1,4790.0,0,2025-10-02T12:42:00Z
TRX-000044,19,18,1806.0,1,2025-10-02T12:43:00Z
TRX-000045,11,23,4052.0,0,2025-10-02T12:44:00Z
TRX-000046,9,5,395.0,1,2025-10-02T12:45:00Z
TRX-000047,4,10,1262.0,0,2025-10-02T12:46:00Z
TRX-000048,27,12,3468.0,1,2025-10-02T12:47:00Z
TRX-000049,26,9,3162.0,0,2025-10-02T12:48:00Z
TRX-000050,19,26,3844.0,1,2025-10-02T12:49:00Z
TRX-000051,23,15,4542.01,0,2025-10-02T12:50:00Z
TRX-000052,28,2,948.87,1,2025-10-02T12:51:00Z
TRX-000053,1,24,2195.0,0,2025-10-02T12:52:00Z
TRX-000054,5,27,2796.0,1,2025-10-02T12:53:00Z
TRX-000055,10,16,3571.0,0,2025-10-02T12:54:00Z
TRX-000056,12,21,36.0,1,2025-10-02T12:55:00Z
TRX-000057,2,1,2167.0,0,2025-10-02T12:56:00Z
TRX-000058,23,5,1473.0,1,2025-10-02T12:57:00Z
TRX-000059,23,10,2454.0,0,2025-10-02T12:58:00Z
TRX-000060,3,27,4168.0,1,2025-10-02T12:59:00Z
TRX-000061,26,13,1262.47,0,2025-10-02T13:00:00Z
TRX-000062,5,12,4428.0,1,2025-10-02T13:01:00Z
TRX-000063,5,23,14.0,0,2025-10-02T13:02:00Z
TRX-000064,26,17,4012.0,1,2025-10-02T13:03:00Z
TRX-000065,7,10,2983.0,0,2025-10-02T13:04:00Z
TRX-000066,1,3,2529.0,1,2025-10-02T13:05:00Z
TRX-000067,14,8,1983.0,0,2025-10-02T13:06:00Z
TRX-000068,1,25,655.0,1,2025-10-02T13:07:00Z
TRX-000069,9,2,3991.08,0,2025-10-02T13:08:00Z
TRX-000070,5,24,1040.0,1,2025-10-02T13:09:00Z
TRX-000071,11,28,3903.7,0,2025-10-02T13:10:00Z
TRX-000072,12,15,4332.0,1,2025-10-02T13:11:00Z
TRX-000073,4,26,3476.0,0,2025-10-02T13:12:00Z
TRX-000074,13,24,1657.0,1,2025-10-02T13:13:00Z
TRX-000075,29,16,3278.0,0,2025-10-02T13:14:00Z
TRX-000076,28,27,3069.0,1,2025-10-02T13:15:00Z
TRX-000077,21,1,4249.0,0,2025-10-02T13:16:00Z
TRX-000078,21,10,2040.0,1,2025-10-02T13:17:00Z
TRX-000079,14,9,2779.0,0,2025-10-02T13:18:00Z
TRX-000080,7,25,4547.0,1,2025-10-02T13:19:00Z
TRX-000081,14,25,1814.0,0,2025-10-02T13:20:00Z
TRX-000082,9,29,492.0,1,2025-10-02T13:21:00Z
TRX-000083,14,9,267.0,0,2025-10-02T13:22:00Z
TRX-000084,4,17,590.0,1,2025-10-02T13:23:00Z
TRX-000085,23,14,2291.0,0,2025-10-02T13:24:00Z
TRX-000086,28,22,1765.69,1,2025-10-02T13:25:00Z
TRX-000087,11,2,4687.0,0,2025-10-02T13:26:00Z
TRX-000088,25,22,2000.0,1,2025-10-02T13:27:00Z
TRX-000089,6,22,3344.0,0,2025-10-02T13:28:00Z
TRX-000090,13,10,804.0,1,2025-10-02T13:29:00Z
TRX-000091,28,20,2912.54,0,2025-10-02T13:30:00Z
TRX-000092,20,21,453.0,1,2025-10-02T13:31:00Z
TRX-000093,28,27,816.0,0,2025-10-02T13:32:00Z
TRX-000094,8,19,2789.0,1,2025-10-02T13:33:00Z
TRX-000095,6,4,905.0,0,2025-10-02T13:34:00Z
TRX-000096,14,13,1568.0,1,2025-10-02T13:35:00Z
TRX-000097,24,21,1158.0,0,2025-10-02T13:36:00Z
TRX-000098,20,12,2291.0,1,2025-10-02T13:37:00Z
TRX-000099,21,14,627.0,0,2025-10-02T13:38:00Z
TRX-000100,21,6,4518.0,1,2025-10-02T13:39:00Z
TRX-000101,10,8,4438.01,0,2025-10-02T13:40:00Z
TRX-000102,9,5,1946.0,1,2025-10-02T13:41:00Z
TRX-000103,12,20,3988.61,0,2025-10-02T13:42:00Z
TRX-000104,13,4,3295.0,1,2025-10-02T13:43:00Z
TRX-000105,1,8,1358.0,0,2025-10-02T13:44:00Z
TRX-000106,19,7,3208.0,1,2025-10-02T13:45:00Z
TRX-000107,15,6,3737.0,0,2025-10-02T13:46:00Z
TRX-000108,16,20,4562.0,1,2025-10-02T13:47:00Z
TRX-000109,28,29,3996.0,0,2025-10-02T13:48:00Z
TRX-000110,11,13,2440.0,1,2025-10-02T13:49:00Z
TRX-000111,13,8,4754.94,0,2025-10-02T13:50:00Z
TRX-000112,24,8,2579.0,1,2025-10-02T13:51:00Z
TRX-000113,8,25,3915.0,0,2025-10-02T13:52:00Z
TRX-000114,23,4,4360.0,1,2025-10-02T13:53:00Z
TRX-000115,12,8,4170.0,0,2025-10-02T13:54:00Z
TRX-000116,9,4,1532.0,1,2025-10-02T13:55:00Z
TRX-000117,9,26,566.0,0,2025-10-02T13:56:00Z
TRX-000118,28,4,1936.0,1,2025-10-02T13:57:00Z
TRX-000119,19,10,4676.0,0,2025-10-02T13:58:00Z
TRX-000120,14,25,4880.05,1,2025-10-02T13:59:00Z
TRX-000121,26,9,3444.84,0,2025-10-02T14:00:00Z
TRX-000122,25,23,2601.0,1,2025-10-02T14:01:00Z
TRX-000123,15,13,2583.0,0,2025-10-02T14:02:00Z
TRX-000124,14,15,3252.0,1,2025-10-02T14:03:00Z
TRX-000125,11,28,2467.0,0,2025-10-02T14:04:00Z
TRX-000126,21,17,604.0,1,2025-10-02T14:05:00Z
TRX-000127,7,21,4622.0,0,2025-10-02T14:06:00Z
TRX-000128,10,9,4414.0,1,2025-10-02T14:07:00Z
TRX-000129,13,23,2182.0,0,2025-10-02T14:08:00Z
TRX-000130,11,18,573.0,1,2025-10-02T14:09:00Z
TRX-000131,1,14,3037.36,0,2025-10-02T14:10:00Z
TRX-000132,12,21,4460.0,1,2025-10-02T14:11:00Z
TRX-000133,29,16,4343.0,0,2025-10-02T14:12:00Z
TRX-000134,7,28,4553.0,1,2025-10-02T14:13:00Z
TRX-000135,16,28,858.0,0,2025-10-02T14:14:00Z
TRX-000136,1,11,2176.0,1,2025-10-02T14:15:00Z
TRX-000137,10,1,886.95,0,2025-10-02T14:16:00Z
TRX-000138,24,11,2241.0,1,2025-10-02T14:17:00Z
TRX-000139,16,26,1735.0,0,2025-10-02T14:18:00Z
TRX-000140,29,17,1677.0,1,2025-10-02T14:19:00Z
TRX-000141,28,27,2172.64,0,2025-10-02T14:20:00Z
TRX-000142,22,15,426.0,1,2025-10-02T14:21:00Z
TRX-000143,9,27,3479.0,0,2025-10-02T14:22:00Z
TRX-000144,3,15,371.0,1,2025-10-02T14:23:00Z
TRX-000145,7,17,1081.0,0,2025-10-02T14:24:00Z
TRX-000146,27,15,1333.0,1,2025-10-02T14:25:00Z
TRX-000147,2,21,4529.0,0,2025-10-02T14:26:00Z
TRX-000148,29,20,4604.0,1,2025-10-02T14:27:00Z
TRX-000149,7,10,626.0,0,2025-10-02T14:28:00Z
TRX-000150,1,29,1231.0,1,2025-10-02T14:29:00Z
TRX-000151,24,8,3034.74,0,2025-10-02T14:30:00Z
TRX-000152,24,11,3530.0,1,2025-10-02T14:31:00Z
TRX-000153,11,8,2535.0,0,2025-10-02T14:32:00Z
TRX-000154,18,1,336.45,1,2025-10-02T14:33:00Z
TRX-000155,13,28,2054.0,0,2025-10-02T14:34:00Z
TRX-000156,28,10,2907.0,1,2025-10-02T14:35:00Z
TRX-000157,5,24,3339.0,0,2025-10-02T14:36:00Z
TRX-000158,26,2,1276.0,1,2025-10-02T14:37:00Z
TRX-000159,14,4,1341.0,0,2025-10-02T14:38:00Z
TRX-000160,6,12,3387.0,1,2025-10-02T14:39:00Z
TRX-000161,7,12,2731.52,0,2025-10-02T14:40:00Z
TRX-000162,6,28,2042.0,1,2025-10-02T14:41:00Z
TRX-000163,15,12,895.0,0,2025-10-02T14:42:00Z
TRX-000164,19,4,327.0,1,2025-10-02T14:43:00Z
TRX-000165,4,22,1832.0,0,2025-10-02T14:44:00Z
TRX-000166,13,3,3780.0,1,2025-10-02T14:45:00Z
TRX-000167,18,16,1874.0,0,2025-10-02T14:46:00Z
TRX-000168,14,7,1592.0,1,2025-10-02T14:47:00Z
TRX-000169,19,17,2292.0,0,2025-10-02T14:48:00Z
TRX-000170,4,9,2296.0,1,2025-10-02T14:49:00Z
TRX-000171,18,27,4183.51,0,2025-10-02T14:50:00Z
TRX-000172,28,3,4402.0,1,2025-10-02T14:51:00Z
TRX-000173,17,7,954.0,0,2025-10-02T14:52:00Z
TRX-000174,1,15,1472.0,1,2025-10-02T14:53:00Z
TRX-000175,25,15,323.0,0,2025-10-02T14:54:00Z
TRX-000176,10,26,3569.0,1,2025-10-02T14:55:00Z
TRX-000177,18,2,2579.0,0,2025-10-02T14:56:00Z
TRX-000178,20,26,4199.0,1,2025-10-02T14:57:00Z
TRX-000179,10,19,4733.0,0,2025-10-02T14:58:00Z
TRX-000180,13,15,373.0,1,2025-10-02T14:59:00Z
TRX-000181,29,20,23.66,0,2025-10-02T15:00:00Z
TRX-000182,6,24,1624.0,1,2025-10-02T15:01:00Z
TRX-000183,18,20,583.0,0,2025-10-02T15:02:00Z
TRX-000184,28,17,2581.0,1,2025-10-02T15:03:00Z
TRX-000185,28,4,1030.0,0,2025-10-02T15:04:00Z
TRX-000186,2,1,2470.0,1,2025-10-02T15:05:00Z
TRX-000187,23,16,3355.0,0,2025-10-02T15:06:00Z
TRX-000188,17,19,2432.7,1,2025-10-02T15:07:00Z
TRX-000189,11,13,3454.0,0,2025-10-02T15:08:00Z
TRX-000190,28,19,1435.0,1,2025-10-02T15:09:00Z
TRX-000191,26,25,2475.51,0,2025-10-02T15:10:00Z
TRX-000192,24,3,13.0,1,2025-10-02T15:11:00Z
TRX-000193,16,13,3531.0,0,2025-10-02T15:12:00Z
TRX-000194,6,25,4979.0,1,2025-10-02T15:13:00Z
TRX-000195,27,17,3819.0,0,2025-10-02T15:14:00Z
TRX-000196,21,28,1760.0,1,2025-10-02T15:15:00Z
TRX-000197,23,22,1400.0,0,2025-10-02T15:16:00Z
TRX-000198,28,9,2334.0,1,2025-10-02T15:17:00Z
TRX-000199,23,28,2755.0,0,2025-10-02T15:18:00Z
TRX-000200,9,3,1934.0,1,2025-10-02T15:19:00Z
TRX-000201,28,16,1850.25,0,2025-10-02T15:20:00Z
TRX-000202,11,7,388.0,1,2025-10-02T15:21:00Z
TRX-000203,14,22,606.0,0,2025-10-02T15:22:00Z
TRX-000204,21,20,4725.0,1,2025-10-02T15:23:00Z
TRX-000205,13,29,3155.63,0,2025-10-02T15:24:00Z
TRX-000206,19,14,1218.0,1,2025-10-02T15:25:00Z
TRX-000207,27,29,55.0,0,2025-10-02T15:26:00Z
TRX-000208,1,5,883.0,1,2025-10-02T15:27:00Z
TRX-000209,5,20,1802.0,0,2025-10-02T15:28:00Z
TRX-000210,12,6,4253.0,1,2025-10-02T15:29:00Z
TRX-000211,21,8,4576.31,0,2025-10-02T15:30:00Z
TRX-000212,4,10,3749.0,1,2025-10-02T15:31:00Z
TRX-000213,11,6,3816.0,0,2025-10-02T15:32:00Z
TRX-000214,28,23,4588.0,1,2025-10-02T15:33:00Z
TRX-000215,26,17,3635.0,0,2025-10-02T15:34:00Z
TRX-000216,26,3,4145.0,1,2025-10-02T15:35:00Z
TRX-000217,20,3,4498.0,0,2025-10-02T15:36:00Z
TRX-000218,21,1,1313.0,1,2025-10-02T15:37:00Z
TRX-000219,2,4,3898.0,0,2025-10-02T15:38:00Z
TRX-000220,21,15,2035.0,1,2025-10-02T15:39:00Z
TRX-000221,3,27,2281.98,0,2025-10-02T15:40:00Z
TRX-000222,5,23,3979.8,1,2025-10-02T15:41:00Z
TRX-000223,14,15,3613.0,0,2025-10-02T15:42:00Z
TRX-000224,9,29,2350.0,1,2025-10-02T15:43:00Z
TRX-000225,14,15,2761.0,0,2025-10-02T15:44:00Z
TRX-000226,17,1,4434.0,1,2025-10-02T15:45:00Z
TRX-000227,9,11,1245.0,0,2025-10-02T15:46:00Z
TRX-000228,14,19,1261.0,1,2025-10-02T15:47:00Z
TRX-000229,29,13,536.0,0,2025-10-02T15:48:00Z
TRX-000230,20,17,4455.0,1,2025-10-02T15:49:00Z
TRX-000231,21,20,520.26,0,2025-10-02T15:50:00Z
TRX-000232,3,20,3200.0,1,2025-10-02T15:51:00Z
TRX-000233,1,5,4794.0,0,2025-10-02T15:52:00Z
TRX-000234,29,7,4726.0,1,2025-10-02T15:53:00Z
TRX-000235,19,22,58.0,0,2025-10-02T15:54:00Z
TRX-000236,18,16,3204.0,1,2025-10-02T15:55:00Z
TRX-000237,4,1,3442.0,0,2025-10-02T15:56:00Z
TRX-000238,24,2,4483.0,1,2025-10-02T15:57:00Z
TRX-000239,6,26,1816.62,0,2025-10-02T15:58:00Z
TRX-000240,14,15,3580.0,1,2025-10-02T15:59:00Z
TRX-000241,22,7,3195.43,0,2025-10-02T16:00:00Z
TRX-000242,28,6,3322.0,1,2025-10-02T16:01:00Z
TRX-000243,2,12,3838.0,0,2025-10-02T16:02:00Z
TRX-000244,11,26,4385.0,1,2025-10-02T16:03:00Z
TRX-000245,7,19,4858.0,0,2025-10-02T16:04:00Z
TRX-000246,25,28,232.0,1,2025-10-02T16:05:00Z
TRX-000247,9,27,3521.0,0,2025-10-02T16:06:00Z
TRX-000248,11,4,3792.0,1,2025-10-02T16:07:00Z
TRX-000249,12,8,2141.0,0,2025-10-02T16:08:00Z
TRX-000250,19,17,1743.0,1,2025-10-02T16:09:00Z
TRX-000251,21,17,2774.97,0,2025-10-02T16:10:00Z
TRX-000252,1,19,2289.0,1,2025-10-02T16:11:00Z
TRX-000253,5,3,3463.0,0,2025-10-02T16:12:00Z
TRX-000254,15,3,680.0,1,2025-10-02T16:13:00Z
TRX-000255,22,7,4428.0,0,2025-10-02T16:14:00Z
TRX-000256,8,18,1846.83,1,2025-10-02T16:15:00Z
TRX-000257,9,5,339.0,0,2025-10-02T16:16:00Z
TRX-000258,5,7,2035.0,1,2025-10-02T16:17:00Z
TRX-000259,13,3,176.0,0,2025-10-02T16:18:00Z
TRX-000260,26,11,1964.0,1,2025-10-02T16:19:00Z
TRX-000261,11,22,947.72,0,2025-10-02T16:20:00Z
TRX-000262,13,21,2109.0,1,2025-10-02T16:21:00Z
TRX-000263,5,18,1384.0,0,2025-10-02T16:22:00Z
TRX-000264,26,2,948.0,1,2025-10-02T16:23:00Z
TRX-000265,5,3,1351.0,0,2025-10-02T16:24:00Z
TRX-000266,16,10,4750.0,1,2025-10-02T16:25:00Z
TRX-000267,7,16,4726.0,0,2025-10-02T16:26:00Z
TRX-000268,28,19,3259.0,1,2025-10-02T16:27:00Z
TRX-000269,29,13,632.0,0,2025-10-02T16:28:00Z
TRX-000270,25,29,1999.0,1,2025-10-02T16:29:00Z
TRX-000271,10,29,2480.87,0,2025-10-02T16:30:00Z
TRX-000272,26,6,1001.0,1,2025-10-02T16:31:00Z
TRX-000273,6,25,346.44,0,2025-10-02T16:32:00Z
TRX-000274,24,20,3045.0,1,2025-10-02T16:33:00Z
TRX-000275,9,23,2805.0,0,2025-10-02T16:34:00Z
TRX-000276,7,4,3451.0,1,2025-10-02T16:35:00Z
TRX-000277,3,22,874.0,0,2025-10-02T16:36:00Z
TRX-000278,20,18,3776.0,1,2025-10-02T16:37:00Z
TRX-000279,29,11,3577.0,0,2025-10-02T16:38:00Z
TRX-000280,12,2,4284.0,1,2025-10-02T16:39:00Z
TRX-000281,27,15,4418.99,0,2025-10-02T16:40:00Z
TRX-000282,22,21,3578.0,1,2025-10-02T16:41:00Z
TRX-000283,3,2,4863.0,0,2025-10-02T16:42:00Z
TRX-000284,15,17,2021.0,1,2025-10-02T16:43:00Z
TRX-000285,3,9,2294.0,0,2025-10-02T16:44:00Z
TRX-000286,1,21,2007.0,1,2025-10-02T16:45:00Z
TRX-000287,5,21,4678.0,0,2025-10-02T16:46:00Z
TRX-000288,26,28,3114.0,1,2025-10-02T16:47:00Z
TRX-000289,17,7,4059.0,0,2025-10-02T16:48:00Z
TRX-000290,4,17,1499.62,1,2025-10-02T16:49:00Z
TRX-000291,13,18,2126.43,0,2025-10-02T16:50:00Z
TRX-000292,15,1,4893.0,1,2025-10-02T16:51:00Z
TRX-000293,29,1,2273.0,0,2025-10-02T16:52:00Z
TRX-000294,24,7,4242.0,1,2025-10-02T16:53:00Z
TRX-000295,13,9,1987.0,0,2025-10-02T16:54:00Z
TRX-000296,2,20,4012.0,1,2025-10-02T16:55:00Z
TRX-000297,24,5,1978.0,0,2025-10-02T16:56:00Z
TRX-000298,29,22,4030.0,1,2025-10-02T16:57:00Z
TRX-000299,21,6,151.0,0,2025-10-02T16:58:00Z
TRX-000300,9,16,1825.0,1,2025-10-02T16:59:00Z
TRX-000301,19,29,2003.39,0,2025-10-02T17:00:00Z
TRX-000302,28,25,3033.0,1,2025-10-02T17:01:00Z
TRX-000303,22,24,4359.0,0,2025-10-02T17:02:00Z
TRX-000304,18,20,4518.0,1,2025-10-02T17:03:00Z
TRX-000305,17,18,3727.0,0,2025-10-02T17:04:00Z
TRX-000306,15,16,2069.0,1,2025-10-02T17:05:00Z
TRX-000307,14,10,1587.4,0,2025-10-02T17:06:00Z
TRX-000308,10,2,4399.0,1,2025-10-02T17:07:00Z
TRX-000309,5,29,1526.0,0,2025-10-02T17:08:00Z
TRX-000310,13,2,3976.0,1,2025-10-02T17:09:00Z
TRX-000311,15,2,4839.97,0,2025-10-02T17:10:00Z
TRX-000312,23,26,2328.0,1,2025-10-02T17:11:00Z
TRX-000313,10,3,1600.0,0,2025-10-02T17:12:00Z
TRX-000314,16,14,2966.0,1,2025-10-02T17:13:00Z
TRX-000315,12,16,125.0,0,2025-10-02T17:14:00Z
TRX-000316,29,24,1046.0,1,2025-10-02T17:15:00Z
TRX-000317,15,8,456.0,0,2025-10-02T17:16:00Z
TRX-000318,24,16,1044.0,1,2025-10-02T17:17:00Z
TRX-000319,27,4,4031.0,0,2025-10-02T17:18:00Z
TRX-000320,10,4,110.0,1,2025-10-02T17:19:00Z
TRX-000321,25,16,3855.61,0,2025-10-02T17:20:00Z
TRX-000322,21,17,1520.0,1,2025-10-02T17:21:00Z
TRX-000323,8,15,3923.0,0,2025-10-02T17:22:00Z
TRX-000324,10,3,545.51,1,2025-10-02T17:23:00Z
TRX-000325,22,9,4736.0,0,2025-10-02T17:24:00Z
TRX-000326,27,28,449.0,1,2025-10-02T17:25:00Z
TRX-000327,11,6,4620.0,0,2025-10-02T17:26:00Z
TRX-000328,16,9,2043.0,1,2025-10-02T17:27:00Z
TRX-000329,10,24,3419.0,0,2025-10-02T17:28:00Z
TRX-000330,26,6,1858.0,1,2025-10-02T17:29:00Z
TRX-000331,5,23,3126.57,0,2025-10-02T17:30:00Z
TRX-000332,21,16,4831.0,1,2025-10-02T17:31:00Z
TRX-000333,20,16,4668.0,0,2025-10-02T17:32:00Z
TRX-000334,26,8,822.0,1,2025-10-02T17:33:00Z
TRX-000335,5,13,1738.0,0,2025-10-02T17:34:00Z
TRX-000336,15,28,675.0,1,2025-10-02T17:35:00Z
TRX-000337,12,14,1433.0,0,2025-10-02T17:36:00Z
TRX-000338,24,9,1292.0,1,2025-10-02T17:37:00Z
TRX-000339,7,20,3700.0,0,2025-10-02T17:38:00Z
TRX-000340,29,26,3859.0,1,2025-10-02T17:39:00Z
TRX-000341,16,8,1906.36,0,2025-10-02T17:40:00Z
TRX-000342,29,16,3729.0,1,2025-10-02T17:41:00Z
TRX-000343,9,28,1922.0,0,2025-10-02T17:42:00Z
TRX-000344,15,6,4841.0,1,2025-10-02T17:43:00Z
TRX-000345,28,6,1630.0,0,2025-10-02T17:44:00Z
TRX-000346,20,10,4471.0,1,2025-10-02T17:45:00Z
TRX-000347,14,27,1230.0,0,2025-10-02T17:46:00Z
TRX-000348,15,3,1175.0,1,2025-10-02T17:47:00Z
TRX-000349,9,8,1369.0,0,2025-10-02T17:48:00Z
TRX-000350,6,16,4884.0,1,2025-10-02T17:49:00Z
TRX-000351,2,3,4672.36,0,2025-10-02T17:50:00Z
TRX-000352,21,10,3849.0,1,2025-10-02T17:51:00Z
TRX-000353,29,16,3307.0,0,2025-10-02T17:52:00Z
TRX-000354,15,23,4433.0,1,2025-10-02T17:53:00Z
TRX-000355,22,21,668.0,0,2025-10-02T17:54:00Z
TRX-000356,26,8,3549.0,1,2025-10-02T17:55:00Z
TRX-000357,2,17,4955.0,0,2025-10-02T17:56:00Z
TRX-000358,15,7,758.29,1,2025-10-02T17:57:00Z
TRX-000359,28,3,4722.0,0,2025-10-02T17:58:00Z
TRX-000360,25,7,2217.0,1,2025-10-02T17:59:00Z
TRX-000361,25,8,1445.6,0,2025-10-02T18:00:00Z
TRX-000362,23,27,3632.0,1,2025-10-02T18:01:00Z
TRX-000363,15,12,4805.0,0,2025-10-02T18:02:00Z
TRX-000364,20,27,4038.0,1,2025-10-02T18:03:00Z
TRX-000365,9,22,2860.0,0,2025-10-02T18:04:00Z
TRX-000366,20,17,2640.0,1,2025-10-02T18:05:00Z
TRX-000367,28,10,1327.0,0,2025-10-02T18:06:00Z
TRX-000368,17,20,4068.0,1,2025-10-02T18:07:00Z
TRX-000369,16,28,3290.0,0,2025-10-02T18:08:00Z
TRX-000370,3,5,4516.0,1,2025-10-02T18:09:00Z
TRX-000371,8,21,731.4,0,2025-10-02T18:10:00Z
TRX-000372,15,17,959.0,1,2025-10-02T18:11:00Z
TRX-000373,5,19,4225.0,0,2025-10-02T18:12:00Z
TRX-000374,3,7,4454.0,1,2025-10-02T18:13:00Z
TRX-000375,21,20,454.24,0,2025-10-02T18:14:00Z
TRX-000376,23,18,4093.0,1,2025-10-02T18:15:00Z
TRX-000377,27,21,432.0,0,2025-10-02T18:16:00Z
TRX-000378,13,15,4509.0,1,2025-10-02T18:17:00Z
TRX-000379,11,16,3599.0,0,2025-10-02T18:18:00Z
TRX-000380,1,29,3980.0,1,2025-10-02T18:19:00Z
TRX-000381,10,7,4997.3,0,2025-10-02T18:20:00Z
TRX-000382,29,12,2555.0,1,2025-10-02T18:21:00Z
TRX-000383,24,7,4534.0,0,2025-10-02T18:22:00Z
TRX-000384,20,9,1850.0,1,2025-10-02T18:23:00Z
TRX-000385,3,10,3790.0,0,2025-10-02T18:24:00Z
TRX-000386,10,27,1271.0,1,2025-10-02T18:25:00Z
TRX-000387,22,29,2400.0,0,2025-10-02T18:26:00Z
TRX-000388,23,29,2249.0,1,2025-10-02T18:27:00Z
TRX-000389,20,3,3962.0,0,2025-10-02T18:28:00Z
TRX-000390,22,14,3751.0,1,2025-10-02T18:29:00Z
TRX-000391,24,11,3152.24,0,2025-10-02T18:30:00Z
TRX-000392,26,23,1128.08,1,2025-10-02T18:31:00Z
TRX-000393,15,5,3409.0,0,2025-10-02T18:32:00Z
TRX-000394,17,6,4169.0,1,2025-10-02T18:33:00Z
TRX-000395,15,3,31.0,0,2025-10-02T18:34:00Z
TRX-000396,16,2,2455.0,1,2025-10-02T18:35:00Z
TRX-000397,3,25,4760.0,0,2025-10-02T18:36:00Z
TRX-000398,28,22,1227.0,1,2025-10-02T18:37:00Z
TRX-000399,21,24,3977.0,0,2025-10-02T18:38:00Z
TRX-000400,18,17,4531.0,1,2025-10-02T18:39:00Z
TRX-000401,5,24,3100.58,0,2025-10-02T18:40:00Z
TRX-000402,17,4,1555.0,1,2025-10-02T18:41:00Z
TRX-000403,29,14,4694.0,0,2025-10-02T18:42:00Z
TRX-000404,19,14,3375.0,1,2025-10-02T18:43:00Z
TRX-000405,8,17,3884.0,0,2025-10-02T18:44:00Z
TRX-000406,29,6,3133.0,1,2025-10-02T18:45:00Z
TRX-000407,19,28,1256.0,0,2025-10-02T18:46:00Z
TRX-000408,22,8,1044.0,1,2025-10-02T18:47:00Z
TRX-000409,23,25,2729.12,0,2025-10-02T18:48:00Z
TRX-000410,4,21,826.0,1,2025-10-02T18:49:00Z
TRX-000411,23,21,135.92,0,2025-10-02T18:50:00Z
TRX-000412,11,20,1274.0,1,2025-10-02T18:51:00Z
TRX-000413,9,22,2181.0,0,2025-10-02T18:52:00Z
TRX-000414,17,26,3266.0,1,2025-10-02T18:53:00Z
TRX-000415,27,9,2701.0,0,2025-10-02T18:54:00Z
TRX-000416,4,28,4381.0,1,2025-10-02T18:55:00Z
TRX-000417,19,17,4007.0,0,2025-10-02T18:56:00Z
TRX-000418,4,24,304.0,1,2025-10-02T18:57:00Z
TRX-000419,26,9,1933.0,0,2025-10-02T18:58:00Z
TRX-000420,27,28,2364.0,1,2025-10-02T18:59:00Z
TRX-000421,14,2,750.55,0,2025-10-02T19:00:00Z
TRX-000422,10,5,833.0,1,2025-10-02T19:01:00Z
TRX-000423,21,12,2463.0,0,2025-10-02T19:02:00Z
TRX-000424,1,7,386.0,1,2025-10-02T19:03:00Z
TRX-000425,17,6,469.0,0,2025-10-02T19:04:00Z
TRX-000426,16,18,3080.55,1,2025-10-02T19:05:00Z
TRX-000427,11,14,4361.0,0,2025-10-02T19:06:00Z
TRX-000428,20,25,1485.0,1,2025-10-02T19:07:00Z
TRX-000429,12,9,3143.0,0,2025-10-02T19:08:00Z
TRX-000430,26,28,1982.0,1,2025-10-02T19:09:00Z
TRX-000431,22,25,1182.29,0,2025-10-02T19:10:00Z
TRX-000432,21,27,2090.0,1,2025-10-02T19:11:00Z
TRX-000433,21,15,86.0,0,2025-10-02T19:12:00Z
TRX-000434,1,6,3821.0,1,2025-10-02T19:13:00Z
TRX-000435,1,16,4487.0,0,2025-10-02T19:14:00Z
TRX-000436,12,9,3628.0,1,2025-10-02T19:15:00Z
TRX-000437,18,25,2460.0,0,2025-10-02T19:16:00Z
TRX-000438,27,20,2058.0,1,2025-10-02T19:17:00Z
TRX-000439,21,4,2484.0,0,2025-10-02T19:18:00Z
TRX-000440,13,19,3968.0,1,2025-10-02T19:19:00Z
TRX-000441,10,14,3134.73,0,2025-10-02T19:20:00Z
TRX-000442,18,25,2433.0,1,2025-10-02T19:21:00Z
TRX-000443,29,16,189.84,0,2025-10-02T19:22:00Z
TRX-000444,19,15,76.0,1,2025-10-02T19:23:00Z
TRX-000445,25,4,411.0,0,2025-10-02T19:24:00Z
TRX-000446,26,2,4079.0,1,2025-10-02T19:25:00Z
TRX-000447,3,1,2354.0,0,2025-10-02T19:26:00Z
TRX-000448,5,6,1895.0,1,2025-10-02T19:27:00Z
TRX-000449,26,6,2896.0,0,2025-10-02T19:28:00Z
TRX-000450,14,27,1567.0,1,2025-10-02T19:29:00Z
TRX-000451,26,15,1130.8,0,2025-10-02T19:30:00Z
TRX-000452,10,1,332.0,1,2025-10-02T19:31:00Z
TRX-000453,16,6,3621.0,0,2025-10-02T19:32:00Z
TRX-000454,8,25,2998.0,1,2025-10-02T19:33:00Z
TRX-000455,2,11,748.0,0,2025-10-02T19:34:00Z
TRX-000456,16,17,3413.0,1,2025-10-02T19:35:00Z
TRX-000457,12,13,1092.0,0,2025-10-02T19:36:00Z
TRX-000458,6,24,3007.0,1,2025-10-02T19:37:00Z
TRX-000459,23,15,1357.0,0,2025-10-02T19:38:00Z
TRX-000460,15,3,3957.37,1,2025-10-02T19:39:00Z
TRX-000461,2,4,2784.14,0,2025-10-02T19:40:00Z
TRX-000462,21,9,1163.0,1,2025-10-02T19:41:00Z
TRX-000463,5,14,3265.0,0,2025-10-02T19:42:00Z
TRX-000464,4,6,4575.0,1,2025-10-02T19:43:00Z
TRX-000465,18,9,3242.0,0,2025-10-02T19:44:00Z
TRX-000466,7,15,4405.0,1,2025-10-02T19:45:00Z
TRX-000467,10,21,3029.0,0,2025-10-02T19:46:00Z
TRX-000468,28,2,2157.0,1,2025-10-02T19:47:00Z
TRX-000469,25,19,3053.0,0,2025-10-02T19:48:00Z
TRX-000470,10,28,1925.0,1,2025-10-02T19:49:00Z
TRX-000471,22,7,4609.41,0,2025-10-02T19:50:00Z
TRX-000472,26,14,527.0,1,2025-10-02T19:51:00Z
TRX-000473,27,3,3813.0,0,2025-10-02T19:52:00Z
TRX-000474,29,16,3354.0,1,2025-10-02T19:53:00Z
TRX-000475,10,11,381.0,0,2025-10-02T19:54:00Z
TRX-000476,8,16,4045.0,1,2025-10-02T19:55:00Z
TRX-000477,10,14,4413.17,0,2025-10-02T19:56:00Z
TRX-000478,19,21,3049.0,1,2025-10-02T19:57:00Z
TRX-000479,28,2,4435.0,0,2025-10-02T19:58:00Z
TRX-000480,20,25,1275.0,1,2025-10-02T19:59:00Z
TRX-000481,1,20,821.62,0,2025-10-02T20:00:00Z
TRX-000482,26,20,2301.0,1,2025-10-02T20:01:00Z
TRX-000483,8,29,3045.0,0,2025-10-02T20:02:00Z
TRX-000484,13,21,3652.0,1,2025-10-02T20:03:00Z
TRX-000485,14,4,2981.0,0,2025-10-02T20:04:00Z
TRX-000486,10,28,3019.0,1,2025-10-02T20:05:00Z
TRX-000487,24,1,2948.0,0,2025-10-02T20:06:00Z
TRX-000488,8,19,2270.0,1,2025-10-02T20:07:00Z
TRX-000489,13,10,3735.0,0,2025-10-02T20:08:00Z
TRX-000490,9,28,1747.0,1,2025-10-02T20:09:00Z
TRX-000491,27,26,184.06,0,2025-10-02T20:10:00Z
TRX-000492,6,17,2005.0,1,2025-10-02T20:11:00Z
TRX-000493,11,6,4635.0,0,2025-10-02T20:12:00Z
TRX-000494,13,9,4550.26,1,2025-10-02T20:13:00Z
TRX-000495,25,13,1918.0,0,2025-10-02T20:14:00Z
TRX-000496,17,5,1218.0,1,2025-10-02T20:15:00Z
TRX-000497,6,1,4892.0,0,2025-10-02T20:16:00Z
TRX-000498,7,15,1195.0,1,2025-10-02T20:17:00Z
TRX-000499,11,24,2063.0,0,2025-10-02T20:18:00Z
TRX-000500,6,12,910.0,1,2025-10-02T20:19:00Z
TRX-000501,28,4,221.16,0,2025-10-02T20:20:00Z
TRX-000502,7,18,1959.0,1,2025-10-02T20:21:00Z
TRX-000503,25,17,139.0,0,2025-10-02T20:22:00Z
TRX-000504,12,15,439.0,1,2025-10-02T20:23:00Z
TRX-000505,11,2,3458.0,0,2025-10-02T20:24:00Z
TRX-000506,23,10,530.0,1,2025-10-02T20:25:00Z
TRX-000507,22,21,2975.0,0,2025-10-02T20:26:00Z
TRX-000508,23,25,903.0,1,2025-10-02T20:27:00Z
TRX-000509,21,23,1824.0,0,2025-10-02T20:28:00Z
TRX-000510,26,8,4281.0,1,2025-10-02T20:29:00Z
TRX-000511,16,21,265.07,0,2025-10-02T20:30:00Z
TRX-000512,22,4,3300.0,1,2025-10-02T20:31:00Z
TRX-000513,20,28,894.0,0,2025-10-02T20:32:00Z
TRX-000514,22,29,3643.0,1,2025-10-02T20:33:00Z
TRX-000515,9,1,671.0,0,2025-10-02T20:34:00Z
TRX-000516,17,26,1225.0,1,2025-10-02T20:35:00Z
TRX-000517,9,11,2262.0,0,2025-10-02T20:36:00Z
TRX-000518,26,27,4805.0,1,2025-10-02T20:37:00Z
TRX-000519,24,29,2673.0,0,2025-10-02T20:38:00Z
TRX-000520,19,26,4356.0,1,2025-10-02T20:39:00Z
TRX-000521,16,21,4151.77,0,2025-10-02T20:40:00Z
TRX-000522,20,10,947.0,1,2025-10-02T20:41:00Z
TRX-000523,4,27,4526.0,0,2025-10-02T20:42:00Z
TRX-000524,2,4,1771.0,1,2025-10-02T20:43:00Z
TRX-000525,20,21,1881.0,0,2025-10-02T20:44:00Z
TRX-000526,20,17,3725.0,1,2025-10-02T20:45:00Z
TRX-000527,19,20,788.0,0,2025-10-02T20:46:00Z
TRX-000528,17,20,2570.85,1,2025-10-02T20:47:00Z
TRX-000529,15,18,1260.0,0,2025-10-02T20:48:00Z
TRX-000530,28,22,559.0,1,2025-10-02T20:49:00Z
TRX-000531,9,3,709.11,0,2025-10-02T20:50:00Z
TRX-000532,20,10,3062.0,1,2025-10-02T20:51:00Z
TRX-000533,6,11,4567.0,0,2025-10-02T20:52:00Z
TRX-000534,8,25,4610.0,1,2025-10-02T20:53:00Z
TRX-000535,24,17,1011.0,0,2025-10-02T20:54:00Z
TRX-000536,20,18,3474.0,1,2025-10-02T20:55:00Z
TRX-000537,4,2,431.0,0,2025-10-02T20:56:00Z
TRX-000538,16,26,2569.0,1,2025-10-02T20:57:00Z
TRX-000539,18,10,4744.0,0,2025-10-02T20:58:00Z
TRX-000540,23,13,1277.0,1,2025-10-02T20:59:00Z
TRX-000541,28,22,1847.13,0,2025-10-02T21:00:00Z
TRX-000542,18,4,4566.0,1,2025-10-02T21:01:00Z
TRX-000543,18,10,2292.0,0,2025-10-02T21:02:00Z
TRX-000544,25,14,3525.0,1,2025-10-02T21:03:00Z
TRX-000545,4,24,4570.03,0,2025-10-02T21:04:00Z
TRX-000546,26,28,2200.0,1,2025-10-02T21:05:00Z
TRX-000547,7,12,2248.0,0,2025-10-02T21:06:00Z
TRX-000548,29,5,2541.0,1,2025-10-02T21:07:00Z
TRX-000549,17,18,60.0,0,2025-10-02T21:08:00Z
TRX-000550,12,4,1183.0,1,2025-10-02T21:09:00Z
TRX-000551,25,28,3293.08,0,2025-10-02T21:10:00Z
TRX-000552,11,2,261.0,1,2025-10-02T21:11:00Z
TRX-000553,9,2,4355.0,0,2025-10-02T21:12:00Z
TRX-000554,13,19,3449.0,1,2025-10-02T21:13:00Z
TRX-000555,21,17,1299.0,0,2025-10-02T21:14:00Z
TRX-000556,18,16,2667.0,1,2025-10-02T21:15:00Z
TRX-000557,5,25,4894.0,0,2025-10-02T21:16:00Z
TRX-000558,9,1,440.0,1,2025-10-02T21:17:00Z
TRX-000559,11,12,417.0,0,2025-10-02T21:18:00Z
TRX-000560,28,9,2239.0,1,2025-10-02T21:19:00Z
TRX-000561,21,28,3483.62,0,2025-10-02T21:20:00Z
TRX-000562,26,21,3402.34,1,2025-10-02T21:21:00Z
TRX-000563,13,5,4207.0,0,2025-10-02T21:22:00Z
TRX-000564,10,18,3531.0,1,2025-10-02T21:23:00Z
TRX-000565,10,16,4868.0,0,2025-10-02T21:24:00Z
TRX-000566,22,23,2536.0,1,2025-10-02T21:25:00Z
TRX-000567,8,14,3247.0,0,2025-10-02T21:26:00Z
TRX-000568,26,8,72.0,1,2025-10-02T21:27:00Z
TRX-000569,13,16,1740.0,0,2025-10-02T21:28:00Z
TRX-000570,5,11,2103.0,1,2025-10-02T21:29:00Z
TRX-000571,16,17,992.0,0,2025-10-02T21:30:00Z
TRX-000572,22,2,3537.0,1,2025-10-02T21:31:00Z
TRX-000573,12,11,3124.0,0,2025-10-02T21:32:00Z
TRX-000574,24,29,1895.0,1,2025-10-02T21:33:00Z
TRX-000575,23,24,2911.0,0,2025-10-02T21:34:00Z
TRX-000576,9,19,356.0,1,2025-10-02T21:35:00Z
TRX-000577,20,7,3776.0,0,2025-10-02T21:36:00Z
TRX-000578,9,4,2574.0,1,2025-10-02T21:37:00Z
TRX-000579,25,20,4707.51,0,2025-10-02T21:38:00Z
TRX-000580,29,27,3431.0,1,2025-10-02T21:39:00Z
TRX-000581,16,10,3328.02,0,2025-10-02T21:40:00Z
TRX-000582,17,12,3779.0,1,2025-10-02T21:41:00Z
TRX-000583,3,29,2974.0,0,2025-10-02T21:42:00Z
TRX-000584,9,20,877.0,1,2025-10-02T21:43:00Z
TRX-000585,14,20,4834.0,0,2025-10-02T21:44:00Z
TRX-000586,19,23,654.0,1,2025-10-02T21:45:00Z
TRX-000587,19,4,2551.0,0,2025-10-02T21:46:00Z
TRX-000588,2,17,1825.0,1,2025-10-02T21:47:00Z
TRX-000589,17,5,1387.0,0,2025-10-02T21:48:00Z
TRX-000590,9,23,944.0,1,2025-10-02T21:49:00Z
TRX-000591,23,13,2872.44,0,2025-10-02T21:50:00Z
TRX-000592,2,3,1219.0,1,2025-10-02T21:51:00Z
TRX-000593,14,10,1209.0,0,2025-10-02T21:52:00Z
TRX-000594,15,13,1431.0,1,2025-10-02T21:53:00Z
TRX-000595,26,11,627.0,0,2025-10-02T21:54:00Z
TRX-000596,12,5,4057.59,1,2025-10-02T21:55:00Z
TRX-000597,5,25,4757.0,0,2025-10-02T21:56:00Z
TRX-000598,21,28,4634.0,1,2025-10-02T21:57:00Z
TRX-000599,27,26,2657.0,0,2025-10-02T21:58:00Z
TRX-000600,4,27,2599.0,1,2025-10-02T21:59:00Z
TRX-000601,11,21,569.6,0,2025-10-02T22:00:00Z
TRX-000602,21,27,2490.0,1,2025-10-02T22:01:00Z
TRX-000603,6,15,4854.0,0,2025-10-02T22:02:00Z
TRX-000604,8,18,4166.0,1,2025-10-02T22:03:00Z
TRX-000605,9,16,3792.0,0,2025-10-02T22:04:00Z
TRX-000606,21,8,476.0,1,2025-10-02T22:05:00Z
TRX-000607,18,3,2361.0,0,2025-10-02T22:06:00Z
TRX-000608,9,27,749.0,1,2025-10-02T22:07:00Z
TRX-000609,26,23,3159.0,0,2025-10-02T22:08:00Z
TRX-000610,21,25,4550.0,1,2025-10-02T22:09:00Z
TRX-000611,6,2,346.57,0,2025-10-02T22:10:00Z
TRX-000612,6,25,1552.0,1,2025-10-02T22:11:00Z
TRX-000613,17,26,3906.64,0,2025-10-02T22:12:00Z
TRX-000614,11,8,3700.0,1,2025-10-02T22:13:00Z
TRX-000615,10,6,2823.0,0,2025-10-02T22:14:00Z
TRX-000616,29,9,4143.0,1,2025-10-02T22:15:00Z
TRX-000617,27,12,330.0,0,2025-10-02T22:16:00Z
TRX-000618,14,29,3596.0,1,2025-10-02T22:17:00Z
TRX-000619,21,23,4292.0,0,2025-10-02T22:18:00Z
TRX-000620,26,12,2991.0,1,2025-10-02T22:19:00Z
TRX-000621,18,16,3183.52,0,2025-10-02T22:20:00Z
TRX-000622,5,17,4907.0,1,2025-10-02T22:21:00Z
TRX-000623,8,6,2751.0,0,2025-10-02T22:22:00Z
TRX-000624,9,17,784.0,1,2025-10-02T22:23:00Z
TRX-000625,24,28,3176.0,0,2025-10-02T22:24:00Z
TRX-000626,16,15,4947.0,1,2025-10-02T22:25:00Z
TRX-000627,4,11,2740.0,0,2025-10-02T22:26:00Z
TRX-000628,9,25,1168.0,1,2025-10-02T22:27:00Z
TRX-000629,18,16,3220.0,0,2025-10-02T22:28:00Z
TRX-000630,11,26,704.39,1,2025-10-02T22:29:00Z
TRX-000631,24,19,2700.16,0,2025-10-02T22:30:00Z
TRX-000632,28,29,4322.0,1,2025-10-02T22:31:00Z
TRX-000633,9,27,3478.0,0,2025-10-02T22:32:00Z
TRX-000634,23,18,159.0,1,2025-10-02T22:33:00Z
TRX-000635,18,16,1486.0,0,2025-10-02T22:34:00Z
TRX-000636,13,17,3993.0,1,2025-10-02T22:35:00Z
TRX-000637,13,14,1136.0,0,2025-10-02T22:36:00Z
TRX-000638,11,9,2433.0,1,2025-10-02T22:37:00Z
TRX-000639,4,6,838.0,0,2025-10-02T22:38:00Z
TRX-000640,23,5,4431.0,1,2025-10-02T22:39:00Z
TRX-000641,3,2,4323.04,0,2025-10-02T22:40:00Z
TRX-000642,28,17,1083.0,1,2025-10-02T22:41:00Z
TRX-000643,26,19,1273.0,0,2025-10-02T22:42:00Z
TRX-000644,12,3,1366.0,1,2025-10-02T22:43:00Z
TRX-000645,2,21,367.0,0,2025-10-02T22:44:00Z
TRX-000646,20,18,1955.0,1,2025-10-02T22:45:00Z
TRX-000647,21,26,2344.96,0,2025-10-02T22:46:00Z
TRX-000648,2,6,3687.0,1,2025-10-02T22:47:00Z
TRX-000649,14,24,1969.0,0,2025-10-02T22:48:00Z
TRX-000650,16,6,3852.0,1,2025-10-02T22:49:00Z
TRX-000651,1,3,1599.47,0,2025-10-02T22:50:00Z
TRX-000652,28,25,3619.0,1,2025-10-02T22:51:00Z
TRX-000653,21,5,2318.0,0,2025-10-02T22:52:00Z
TRX-000654,5,19,4129.0,1,2025-10-02T22:53:00Z
TRX-000655,23,20,1337.0,0,2025-10-02T22:54:00Z
TRX-000656,3,13,4963.0,1,2025-10-02T22:55:00Z
TRX-000657,11,4,2058.0,0,2025-10-02T22:56:00Z
TRX-000658,8,27,3946.0,1,2025-10-02T22:57:00Z
TRX-000659,4,18,4552.0,0,2025-10-02T22:58:00Z
TRX-000660,10,29,4236.0,1,2025-10-02T22:59:00Z
TRX-000661,4,10,2345.1,0,2025-10-02T23:00:00Z
TRX-000662,5,12,2244.0,1,2025-10-02T23:01:00Z
TRX-000663,21,1,4215.0,0,2025-10-02T23:02:00Z
TRX-000664,11,3,3593.11,1,2025-10-02T23:03:00Z
TRX-000665,14,3,3705.0,0,2025-10-02T23:04:00Z
TRX-000666,1,18,228.0,1,2025-10-02T23:05:00Z
TRX-000667,20,8,3257.0,0,2025-10-02T23:06:00Z
TRX-000668,23,18,1941.0,1,2025-10-02T23:07:00Z
TRX-000669,19,9,3081.0,0,2025-10-02T23:08:00Z
TRX-000670,14,7,2620.0,1,2025-10-02T23:09:00Z
TRX-000671,10,3,2756.18,0,2025-10-02T23:10:00Z
TRX-000672,11,8,2360.0,1,2025-10-02T23:11:00Z
TRX-000673,3,22,1146.0,0,2025-10-02T23:12:00Z
TRX-000674,5,29,3852.0,1,2025-10-02T23:13:00Z
TRX-000675,21,26,53.0,0,2025-10-02T23:14:00Z
TRX-000676,1,9,165.0,1,2025-10-02T23:15:00Z
TRX-000677,15,13,1234.0,0,2025-10-02T23:16:00Z
TRX-000678,24,2,4997.0,1,2025-10-02T23:17:00Z
TRX-000679,23,20,920.0,0,2025-10-02T23:18:00Z
TRX-000680,5,16,1956.0,1,2025-10-02T23:19:00Z
TRX-000681,16,10,401.3,0,2025-10-02T23:20:00Z
TRX-000682,20,27,3754.0,1,2025-10-02T23:21:00Z
TRX-000683,9,10,4104.0,0,2025-10-02T23:22:00Z
TRX-000684,26,24,144.0,1,2025-10-02T23:23:00Z
TRX-000685,27,23,4720.0,0,2025-10-02T23:24:00Z
TRX-000686,14,29,1186.0,1,2025-10-02T23:25:00Z
TRX-000687,16,20,22.0,0,2025-10-02T23:26:00Z
TRX-000688,26,18,1980.0,1,2025-10-02T23:27:00Z
TRX-000689,25,20,1544.0,0,2025-10-02T23:28:00Z
TRX-000690,28,9,4298.0,1,2025-10-02T23:29:00Z
TRX-000691,18,9,4319.69,0,2025-10-02T23:30:00Z
TRX-000692,23,6,4168.0,1,2025-10-02T23:31:00Z
TRX-000693,24,7,3208.0,0,2025-10-02T23:32:00Z
TRX-000694,4,22,366.0,1,2025-10-02T23:33:00Z
TRX-000695,27,19,3068.0,0,2025-10-02T23:34:00Z
TRX-000696,15,2,143.0,1,2025-10-02T23:35:00Z
TRX-000697,18,6,563.0,0,2025-10-02T23:36:00Z
TRX-000698,18,14,859.98,1,2025-10-02T23:37:00Z
TRX-000699,25,2,2733.0,0,2025-10-02T23:38:00Z
TRX-000700,11,8,2896.0,1,2025-10-02T23:39:00Z
TRX-000701,24,17,1444.99,0,2025-10-02T23:40:00Z
TRX-000702,28,21,3930.0,1,2025-10-02T23:41:00Z
TRX-000703,27,12,1114.0,0,2025-10-02T23:42:00Z
TRX-000704,9,29,3759.0,1,2025-10-02T23:43:00Z
TRX-000705,8,16,1661.0,0,2025-10-02T23:44:00Z
TRX-000706,8,6,1644.0,1,2025-10-02T23:45:00Z
TRX-000707,1,8,2595.0,0,2025-10-02T23:46:00Z
TRX-000708,16,23,3272.0,1,2025-10-02T23:47:00Z
TRX-000709,3,24,3888.0,0,2025-10-02T23:48:00Z
TRX-000710,15,8,1575.0,1,2025-10-02T23:49:00Z
TRX-000711,16,18,401.83,0,2025-10-02T23:50:00Z
TRX-000712,17,15,1029.0,1,2025-10-02T23:51:00Z
TRX-000713,6,18,3589.0,0,2025-10-02T23:52:00Z
TRX-000714,1,19,3612.0,1,2025-10-02T23:53:00Z
TRX-000715,1,19,2787.23,0,2025-10-02T23:54:00Z
TRX-000716,22,29,4085.0,1,2025-10-02T23:55:00Z
TRX-000717,18,6,4263.0,0,2025-10-02T23:56:00Z
TRX-000718,15,6,686.0,1,2025-10-02T23:57:00Z
TRX-000719,2,20,656.0,0,2025-10-02T23:58:00Z
TRX-000720,20,26,1488.0,1,2025-10-02T23:59:00Z
TRX-000721,24,16,2641.13,0,2025-10-03T00:00:00Z
TRX-000722,9,17,2431.0,1,2025-10-03T00:01:00Z
TRX-000723,16,21,4946.0,0,2025-10-03T00:02:00Z
TRX-000724,29,20,1375.0,1,2025-10-03T00:03:00Z
TRX-000725,29,21,2889.0,0,2025-10-03T00:04:00Z
TRX-000726,21,8,2898.0,1,2025-10-03T00:05:00Z
TRX-000727,26,20,2259.0,0,2025-10-03T00:06:00Z
TRX-000728,27,6,479.0,1,2025-10-03T00:07:00Z
TRX-000729,9,28,3337.0,0,2025-10-03T00:08:00Z
TRX-000730,18,23,1320.0,1,2025-10-03T00:09:00Z
TRX-000731,7,11,4987.86,0,2025-10-03T00:10:00Z
TRX-000732,6,21,295.16,1,2025-10-03T00:11:00Z
TRX-000733,9,14,3010.0,0,2025-10-03T00:12:00Z
TRX-000734,18,19,4656.0,1,2025-10-03T00:13:00Z
TRX-000735,8,26,1266.0,0,2025-10-03T00:14:00Z
TRX-000736,28,21,3048.0,1,2025-10-03T00:15:00Z
TRX-000737,18,21,639.0,0,2025-10-03T00:16:00Z
TRX-000738,25,11,4347.0,1,2025-10-03T00:17:00Z
TRX-000739,18,19,2585.0,0,2025-10-03T00:18:00Z
TRX-000740,27,15,2054.0,1,2025-10-03T00:19:00Z
TRX-000741,10,7,1534.63,0,2025-10-03T00:20:00Z
TRX-000742,23,19,4611.0,1,2025-10-03T00:21:00Z
TRX-000743,10,15,2142.0,0,2025-10-03T00:22:00Z
TRX-000744,29,21,1767.0,1,2025-10-03T00:23:00Z
TRX-000745,26,16,4033.0,0,2025-10-03T00:24:00Z
TRX-000746,13,10,1121.0,1,2025-10-03T00:25:00Z
TRX-000747,4,9,3713.0,0,2025-10-03T00:26:00Z
TRX-000748,12,1,3656.0,1,2025-10-03T00:27:00Z
TRX-000749,9,6,2628.85,0,2025-10-03T00:28:00Z
TRX-000750,18,29,541.0,1,2025-10-03T00:29:00Z
TRX-000751,24,16,2467.2,0,2025-10-03T00:30:00Z
TRX-000752,29,27,1436.0,1,2025-10-03T00:31:00Z
TRX-000753,6,18,4177.0,0,2025-10-03T00:32:00Z
TRX-000754,14,10,1656.0,1,2025-10-03T00:33:00Z
TRX-000755,6,11,1949.0,0,2025-10-03T00:34:00Z
TRX-000756,6,22,225.0,1,2025-10-03T00:35:00Z
TRX-000757,18,24,4698.0,0,2025-10-03T00:36:00Z
TRX-000758,18,21,4529.0,1,2025-10-03T00:37:00Z
TRX-000759,11,26,716.0,0,2025-10-03T00:38:00Z
TRX-000760,9,16,3271.0,1,2025-10-03T00:39:00Z
TRX-000761,29,2,3931.67,0,2025-10-03T00:40:00Z
TRX-000762,20,5,3364.0,1,2025-10-03T00:41:00Z
TRX-000763,3,25,614.0,0,2025-10-03T00:42:00Z
TRX-000764,11,17,617.0,1,2025-10-03T00:43:00Z
TRX-000765,21,28,4248.0,0,2025-10-03T00:44:00Z
TRX-000766,18,11,4526.81,1,2025-10-03T00:45:00Z
TRX-000767,25,12,1067.0,0,2025-10-03T00:46:00Z
TRX-000768,20,23,463.0,1,2025-10-03T00:47:00Z
TRX-000769,3,10,4254.0,0,2025-10-03T00:48:00Z
TRX-000770,11,16,1358.0,1,2025-10-03T00:49:00Z
TRX-000771,12,17,1857.44,0,2025-10-03T00:50:00Z
TRX-000772,23,1,2336.0,1,2025-10-03T00:51:00Z
TRX-000773,4,9,2062.0,0,2025-10-03T00:52:00Z
TRX-000774,13,27,4522.0,1,2025-10-03T00:53:00Z
TRX-000775,15,11,2490.0,0,2025-10-03T00:54:00Z
TRX-000776,26,24,775.0,1,2025-10-03T00:55:00Z
TRX-000777,23,27,1391.0,0,2025-10-03T00:56:00Z
TRX-000778,25,11,1412.0,1,2025-10-03T00:57:00Z
TRX-000779,28,26,4967.0,0,2025-10-03T00:58:00Z
TRX-000780,17,3,4627.0,1,2025-10-03T00:59:00Z
TRX-000781,8,3,242.1,0,2025-10-03T01:00:00Z
TRX-000782,8,27,4734.0,1,2025-10-03T01:01:00Z
TRX-000783,15,27,1736.98,0,2025-10-03T01:02:00Z
TRX-000784,25,20,258.0,1,2025-10-03T01:03:00Z
TRX-000785,22,1,4479.0,0,2025-10-03T01:04:00Z
TRX-000786,16,27,2484.0,1,2025-10-03T01:05:00Z
TRX-000787,22,14,3336.0,0,2025-10-03T01:06:00Z
TRX-000788,16,21,607.0,1,2025-10-03T01:07:00Z
TRX-000789,29,8,1304.0,0,2025-10-03T01:08:00Z
TRX-000790,21,20,3976.0,1,2025-10-03T01:09:00Z
TRX-000791,21,13,2796.77,0,2025-10-03T01:10:00Z
TRX-000792,11,17,2625.0,1,2025-10-03T01:11:00Z
TRX-000793,2,4,2839.0,0,2025-10-03T01:12:00Z
TRX-000794,19,11,3045.0,1,2025-10-03T01:13:00Z
TRX-000795,23,24,879.0,0,2025-10-03T01:14:00Z
TRX-000796,17,14,3831.0,1,2025-10-03T01:15:00Z
TRX-000797,10,15,3693.0,0,2025-10-03T01:16:00Z
TRX-000798,14,11,803.0,1,2025-10-03T01:17:00Z
TRX-000799,8,16,3156.0,0,2025-10-03T01:18:00Z
TRX-000800,4,26,3435.31,1,2025-10-03T01:19:00Z
TRX-000801,4,1,1318.41,0,2025-10-03T01:20:00Z
TRX-000802,25,2,2571.0,1,2025-10-03T01:21:00Z
TRX-000803,13,5,1315.0,0,2025-10-03T01:22:00Z
TRX-000804,22,23,3834.0,1,2025-10-03T01:23:00Z
TRX-000805,22,1,2537.0,0,2025-10-03T01:24:00Z
TRX-000806,22,7,747.0,1,2025-10-03T01:25:00Z
TRX-000807,19,23,3755.0,0,2025-10-03T01:26:00Z
TRX-000808,14,13,4788.0,1,2025-10-03T01:27:00Z
TRX-000809,18,8,424.0,0,2025-10-03T01:28:00Z
TRX-000810,16,22,4904.0,1,2025-10-03T01:29:00Z
TRX-000811,1,3,3865.36,0,2025-10-03T01:30:00Z
TRX-000812,24,7,890.0,1,2025-10-03T01:31:00Z
TRX-000813,20,11,2176.0,0,2025-10-03T01:32:00Z
TRX-000814,2,18,3313.0,1,2025-10-03T01:33:00Z
TRX-000815,18,8,3291.0,0,2025-10-03T01:34:00Z
TRX-000816,8,25,4612.0,1,2025-10-03T01:35:00Z
TRX-000817,13,18,4542.36,0,2025-10-03T01:36:00Z
TRX-000818,9,19,4140.0,1,2025-10-03T01:37:00Z
TRX-000819,21,5,4514.0,0,2025-10-03T01:38:00Z
TRX-000820,15,3,983.0,1,2025-10-03T01:39:00Z
TRX-000821,11,10,3236.47,0,2025-10-03T01:40:00Z
TRX-000822,6,17,4579.0,1,2025-10-03T01:41:00Z
TRX-000823,18,5,1191.0,0,2025-10-03T01:42:00Z
TRX-000824,13,26,4180.0,1,2025-10-03T01:43:00Z
TRX-000825,19,23,339.0,0,2025-10-03T01:44:00Z
TRX-000826,8,11,2738.0,1,2025-10-03T01:45:00Z
TRX-000827,6,22,4264.0,0,2025-10-03T01:46:00Z
TRX-000828,21,11,4976.0,1,2025-10-03T01:47:00Z
TRX-000829,1,23,1155.0,0,2025-10-03T01:48:00Z
TRX-000830,17,26,2619.0,1,2025-10-03T01:49:00Z
TRX-000831,12,19,2461.75,0,2025-10-03T01:50:00Z
TRX-000832,17,23,4185.0,1,2025-10-03T01:51:00Z
TRX-000833,24,22,4621.0,0,2025-10-03T01:52:00Z
TRX-000834,16,22,146.47,1,2025-10-03T01:53:00Z
TRX-000835,17,28,907.0,0,2025-10-03T01:54:00Z
TRX-000836,20,25,2530.0,1,2025-10-03T01:55:00Z
TRX-000837,6,1,228.0,0,2025-10-03T01:56:00Z
TRX-000838,26,22,2185.0,1,2025-10-03T01:57:00Z
TRX-000839,27,6,4748.0,0,2025-10-03T01:58:00Z
TRX-000840,25,14,430.0,1,2025-10-03T01:59:00Z
TRX-000841,25,22,1406.67,0,2025-10-03T02:00:00Z
TRX-000842,27,2,3124.0,1,2025-10-03T02:01:00Z
TRX-000843,11,3,1994.0,0,2025-10-03T02:02:00Z
TRX-000844,8,25,910.0,1,2025-10-03T02:03:00Z
TRX-000845,13,7,3622.0,0,2025-10-03T02:04:00Z
TRX-000846,17,20,1250.0,1,2025-10-03T02:05:00Z
TRX-000847,20,29,1680.0,0,2025-10-03T02:06:00Z
TRX-000848,20,23,3873.0,1,2025-10-03T02:07:00Z
TRX-000849,4,2,520.0,0,2025-10-03T02:08:00Z
TRX-000850,29,11,4259.0,1,2025-10-03T02:09:00Z
TRX-000851,13,24,2672.84,0,2025-10-03T02:10:00Z
TRX-000852,22,23,3096.0,1,2025-10-03T02:11:00Z
TRX-000853,17,12,3775.0,0,2025-10-03T02:12:00Z
TRX-000854,24,17,4485.0,1,2025-10-03T02:13:00Z
TRX-000855,18,28,2175.0,0,2025-10-03T02:14:00Z
TRX-000856,26,22,1585.0,1,2025-10-03T02:15:00Z
TRX-000857,14,15,4581.0,0,2025-10-03T02:16:00Z
TRX-000858,16,14,2448.0,1,2025-10-03T02:17:00Z
TRX-000859,5,16,1708.0,0,2025-10-03T02:18:00Z
TRX-000860,29,22,2607.0,1,2025-10-03T02:19:00Z
TRX-000861,22,18,4601.92,0,2025-10-03T02:20:00Z
TRX-000862,15,16,1008.0,1,2025-10-03T02:21:00Z
TRX-000863,25,28,4459.0,0,2025-10-03T02:22:00Z
TRX-000864,19,1,3242.0,1,2025-10-03T02:23:00Z
TRX-000865,3,18,1209.0,0,2025-10-03T02:24:00Z
TRX-000866,16,8,2366.0,1,2025-10-03T02:25:00Z
TRX-000867,29,9,2847.0,0,2025-10-03T02:26:00Z
TRX-000868,21,27,2110.95,1,2025-10-03T02:27:00Z
TRX-000869,22,13,1665.0,0,2025-10-03T02:28:00Z
TRX-000870,3,24,2231.0,1,2025-10-03T02:29:00Z
TRX-000871,24,29,2235.17,0,2025-10-03T02:30:00Z
TRX-000872,10,26,4817.0,1,2025-10-03T02:31:00Z
TRX-000873,14,8,4360.0,0,2025-10-03T02:32:00Z
TRX-000874,14,27,1917.0,1,2025-10-03T02:33:00Z
TRX-000875,8,10,3395.0,0,2025-10-03T02:34:00Z
TRX-000876,17,29,3879.0,1,2025-10-03T02:35:00Z
TRX-000877,10,28,1136.0,0,2025-10-03T02:36:00Z
TRX-000878,7,24,1303.0,1,2025-10-03T02:37:00Z
TRX-000879,20,27,3906.0,0,2025-10-03T02:38:00Z
TRX-000880,22,27,1643.0,1,2025-10-03T02:39:00Z
TRX-000881,5,16,2641.36,0,2025-10-03T02:40:00Z
TRX-000882,27,8,742.0,1,2025-10-03T02:41:00Z
TRX-000883,27,25,1912.0,0,2025-10-03T02:42:00Z
TRX-000884,24,2,315.0,1,2025-10-03T02:43:00Z
TRX-000885,12,20,1450.04,0,2025-10-03T02:44:00Z
TRX-000886,3,19,4068.0,1,2025-10-03T02:45:00Z
TRX-000887,12,2,2381.0,0,2025-10-03T02:46:00Z
TRX-000888,1,8,85.0,1,2025-10-03T02:47:00Z
TRX-000889,16,25,4947.0,0,2025-10-03T02:48:00Z
TRX-000890,10,17,2341.0,1,2025-10-03T02:49:00Z
TRX-000891,21,27,4460.67,0,2025-10-03T02:50:00Z
TRX-000892,22,1,1109.0,1,2025-10-03T02:51:00Z
TRX-000893,4,23,3844.0,0,2025-10-03T02:52:00Z
TRX-000894,15,13,932.0,1,2025-10-03T02:53:00Z
TRX-000895,17,12,3769.0,0,2025-10-03T02:54:00Z
TRX-000896,27,15,1535.0,1,2025-10-03T02:55:00Z
TRX-000897,7,2,2771.0,0,2025-10-03T02:56:00Z
TRX-000898,6,16,4661.0,1,2025-10-03T02:57:00Z
TRX-000899,28,5,1592.0,0,2025-10-03T02:58:00Z
TRX-000900,12,26,3331.0,1,2025-10-03T02:59:00Z
TRX-000901,3,20,4231.41,2,2025-10-03T03:00:00Z
TRX-000902,9,19,791.23,h,2025-10-03T03:01:00Z
TRX-000903,11,22,2660.0,,2025-10-03T03:02:00Z
TRX-000904,14,7,2146.0, ,2025-10-03T03:03:00Z
TRX-000905,19,14,3669.0,10,2025-10-03T03:04:00Z
TRX-000906,5,15,2710.0,"""a""",2025-10-03T03:05:00Z
TRX-000907,16,25,4703.0,2,2025-10-03T03:06:00Z
TRX-000908,7,15,2955.0,h,2025-10-03T03:07:00Z
TRX-000909,29,14,518.0,,2025-10-03T03:08:00Z
TRX-000910,28,10,3822.0, ,2025-10-03T03:09:00Z
TRX-000911,16,12,3331.87,10,2025-10-03T03:10:00Z
TRX-000912,23,1,2557.0,"""a""",2025-10-03T03:11:00Z
TRX-000913,29,10,2426.0,2,2025-10-03T03:12:00Z
TRX-000914,18,26,1819.0,h,2025-10-03T03:13:00Z
TRX-000915,14,11,3927.0,,2025-10-03T03:14:00Z
TRX-000916,11,21,4972.0, ,2025-10-03T03:15:00Z
TRX-000917,18,20,4509.0,10,2025-10-03T03:16:00Z
TRX-000918,22,5,4413.0,"""a""",2025-10-03T03:17:00Z
TRX-000919,6,28,1799.97,2,2025-10-03T03:18:00Z
TRX-000920,14,28,4890.0,h,2025-10-03T03:19:00Z
TRX-000921,4,6,0.0,0,2025-10-03T03:20:00Z
TRX-000922,9,23,-100.0,1,2025-10-03T03:21:00Z
TRX-000923,21,23,,0,2025-10-03T03:22:00Z
TRX-000924,29,18,12.3,1,2025-10-03T03:23:00Z
TRX-000925,9,25,,0,2025-10-03T03:24:00Z
TRX-000926,10,8,,1,2025-10-03T03:25:00Z
TRX-000927,3,24,0.0,0,2025-10-03T03:26:00Z
TRX-000928,1,23,-100.0,1,2025-10-03T03:27:00Z
TRX-000929,13,25,,0,2025-10-03T03:28:00Z
TRX-000930,24,11,12.3,1,2025-10-03T03:29:00Z
TRX-000931,12,17,,0,2025-10-03T03:30:00Z
TRX-000932,4,23,,1,2025-10-03T03:31:00Z
TRX-000933,21,10,0.0,0,2025-10-03T03:32:00Z
TRX-000934,28,13,-100.0,1,2025-10-03T03:33:00Z
TRX-000935,29,25,,0,2025-10-03T03:34:00Z
TRX-000936,22,9,12.3,1,2025-10-03T03:35:00Z
TRX-000937,1,23,,0,2025-10-03T03:36:00Z
TRX-000938,21,6,,1,2025-10-03T03:37:00Z
TRX-000939,8,21,0.0,0,2025-10-03T03:38:00Z
TRX-000940,11,23,-100.0,1,2025-10-03T03:39:00Z
TRX-000941,20,21,4629.07,0,
TRX-000942,24,21,2534.0,1,2025-13-40T99:99:99Z
TRX-000943,2,7,3253.0,0,2025/10/02 12:00:00
TRX-000944,15,3,34.0,1,02-10-2025T12:00:00Z
TRX-000945,2,13,4747.0,0,2025-10-02T12:00:00
TRX-000946,9,8,3480.0,1,
TRX-000947,18,29,532.0,0,2025-13-40T99:99:99Z
TRX-000948,24,8,575.0,1,2025/10/02 12:00:00
TRX-000949,22,8,2361.0,0,02-10-2025T12:00:00Z
TRX-000950,20,12,1119.0,1,2025-10-02T12:00:00
TRX-000951,5,27,3453.47,0,
TRX-000952,1,19,3684.0,1,2025-13-40T99:99:99Z
TRX-000953,4,19,3087.1,0,2025/10/02 12:00:00
TRX-000954,28,4,4427.0,1,02-10-2025T12:00:00Z
TRX-000955,11,27,2858.0,0,2025-10-02T12:00:00
TRX-000956,10,12,4411.0,1,
TRX-000957,19,23,1053.0,0,2025-13-40T99:99:99Z
TRX-000958,2,14,38.0,1,2025/10/02 12:00:00
TRX-000959,5,7,2454.0,0,02-10-2025T12:00:00Z
TRX-000960,21,28,4470.0,1,2025-10-02T12:00:00
TRX-000961,20,20,4367.48,0,2025-10-03T04:00:00Z
TRX-000962,3,3,1891.0,1,2025-10-03T04:01:00Z
TRX-000963,14,14,3783.0,0,2025-10-03T04:02:00Z
TRX-000964,18,18,1280.0,1,2025-10-03T04:03:00Z
TRX-000965,15,15,1554.0,0,2025-10-03T04:04:00Z
TRX-000966,1,1,934.0,1,2025-10-03T04:05:00Z
TRX-000967,8,8,3444.0,0,2025-10-03T04:06:00Z
TRX-000968,26,26,138.0,1,2025-10-03T04:07:00Z
TRX-000969,14,14,1698.0,0,2025-10-03T04:08:00Z
TRX-000970,9,9,836.76,1,2025-10-03T04:09:00Z
TRX-000971,8,8,3667.76,0,2025-10-03T04:10:00Z
TRX-000972,28,28,408.0,1,2025-10-03T04:11:00Z
TRX-000973,14,14,372.0,0,2025-10-03T04:12:00Z
TRX-000974,19,19,3605.0,1,2025-10-03T04:13:00Z
TRX-000975,14,14,4431.0,0,2025-10-03T04:14:00Z
TRX-000976,13,13,472.0,1,2025-10-03T04:15:00Z
TRX-000977,11,11,4137.0,0,2025-10-03T04:16:00Z
TRX-000978,16,16,1928.0,1,2025-10-03T04:17:00Z
TRX-000979,3,3,4729.0,0,2025-10-03T04:18:00Z
TRX-000980,17,17,4740.0,1,2025-10-03T04:19:00Z
TRX-000981,9999,5,2636.3,0,2025-10-03T04:20:00Z
TRX-000982,16,0,1183.0,1,2025-10-03T04:21:00Z
TRX-000983,-1,23,1820.0,0,2025-10-03T04:22:00Z
TRX-000984,20,123456,2264.0,1,2025-10-03T04:23:00Z
TRX-000985,9999,24,4856.0,0,2025-10-03T04:24:00Z
TRX-000986,1,0,1444.0,1,2025-10-03T04:25:00Z
TRX-000987,-1,28,3509.71,0,2025-10-03T04:26:00Z
TRX-000988,22,123456,2831.0,1,2025-10-03T04:27:00Z
TRX-000989,9999,28,3132.0,0,2025-10-03T04:28:00Z
TRX-000990,6,0,2621.0,1,2025-10-03T04:29:00Z
TRX-000714,14,4,1856.38,0,2025-10-03T04:30:00Z
TRX-000427,4,29,1192.0,1,2025-10-03T04:31:00Z
TRX-000419,6,21,482.0,0,2025-10-03T04:32:00Z
TRX-000153,24,20,3422.0,1,2025-10-03T04:33:00Z
TRX-000308,24,23,1108.0,0,2025-10-03T04:34:00Z
TRX-000386,19,14,2098.0,1,2025-10-03T04:35:00Z
TRX-000189,13,17,657.0,0,2025-10-03T04:36:00Z
TRX-000773,21,4,3049.0,1,2025-10-03T04:37:00Z
TRX-000551,9,24,1570.0,0,2025-10-03T04:38:00Z
TRX-000485,8,15,3099.0,1,2025-10-03T04:39:00Z
